id;email;instagram;phone;facebook
1;Retha_Lebsack@yahoo.com;Manager;1-411-389-8885 x6189;Haiti
2;Lisa_Franecki@hotmail.com;hacking User-centric Cambridgeshire;1-400-525-7645 x87767;copying scalable Pennsylvania
3;Talia.Ernser18@gmail.com;Borders;493-960-1826 x0974;Creek Functionality
4;Phyllis.Mayert@hotmail.com;District Rubber;638.477.5733;Account Awesome bricks-and-clicks
5;Josie.Gerhold@hotmail.com;strategize Florida;1-844-730-1711 x213;user-centric Kuwait Account
6;Roxanne.Lesch46@hotmail.com;Toys;660.580.3375 x4941;deposit
7;Marcelino.Marquardt@gmail.com;Fully-configurable Monitored Facilitator;248.308.1550 x98578;Account
8;Travis.McLaughlin25@yahoo.com;transmit Regional;474-906-8385;Massachusetts
9;Marques86@hotmail.com;Rustic Creative Hills;702.280.9158 x84660;Re-contextualized Director generating
10;Burdette.Tillman24@gmail.com;interface mobile;(565) 897-8592 x16542;Croatian Texas
